time,temp,hum,light,soil,soil_status,rain_status,rain_value,seconds_elapsed,altitude,longitude,latitude
2026-03-25 17:23:15.495132,27.8,91,82,705,WET,NO_RAIN,51.0,3.211668457,-19.60687256,88.1456055,23.5066966
2026-03-25 17:23:16.495132,27.8,91,79,686,MOIST,NO_RAIN,60.0,3.314067139,-19.98986816,88.1456063,23.5066956
2026-03-25 17:23:17.495132,27.7,90,82,703,WET,NO_RAIN,51.0,4.317919434,-9.428436279,88.1455916,23.50669
2026-03-25 17:23:18.495132,27.7,93,80,698,MOIST,NO_RAIN,50.0,5.318424805,-8.865203857,88.1455928,23.5067235
2026-03-25 17:23:19.495132,27.9,91,81,689,MOIST,NO_RAIN,57.0,6.320600586,-11.99493408,88.1456205,23.5067085
2026-03-25 17:23:20.495132,27.7,92,81,700,WET,NO_RAIN,52.0,7.341388428,-28.06314087,88.1456347,23.5067225
2026-03-25 17:23:21.495132,27.7,94,81,700,WET,NO_RAIN,51.0,7.651401855,-42.50775146,88.1455982,23.50672
2026-03-25 17:23:22.495132,27.8,93,82,703,WET,NO_RAIN,50.0,8.651598633,-41.15853882,88.1455866,23.5067081
2026-03-25 17:23:23.495132,27.7,91,80,679,MOIST,NO_RAIN,54.0,9.651257568,-42.47076416,88.1455903,23.5066978
2026-03-25 17:23:24.495132,27.5,93,82,695,MOIST,NO_RAIN,52.0,10.65188062,-42.49533081,88.1455904,23.5066964
2026-03-25 17:23:25.495132,27.6,93,80,681,MOIST,NO_RAIN,53.0,11.65097266,-42.34341431,88.1455877,23.5066949
2026-03-25 17:23:26.495132,27.7,93,81,694,MOIST,NO_RAIN,52.0,12.6519563,-42.85153198,88.1455833,23.5066908
2026-03-25 17:23:27.495132,27.7,94,82,696,MOIST,NO_RAIN,56.0,13.65098169,-43.140625,88.1455813,23.5066928
2026-03-25 17:23:28.495132,27.8,93,80,681,MOIST,NO_RAIN,54.0,14.65104517,-42.59326172,88.1455806,23.5066921
2026-03-25 17:23:29.495132,27.7,94,80,673,MOIST,NO_RAIN,55.0,15.65164941,-43.44189453,88.1455782,23.5066887
2026-03-25 17:23:30.495132,27.6,93,81,690,MOIST,NO_RAIN,55.0,16.65126147,-43.1607666,88.1455786,23.5066857
2026-03-25 17:23:31.495132,27.6,93,82,698,MOIST,NO_RAIN,48.0,17.65137793,-44.29693604,88.1455777,23.5066895
2026-03-25 17:23:32.495132,27.6,95,82,697,MOIST,NO_RAIN,55.0,18.65137622,-43.31848145,88.1455749,23.5066896
2026-03-25 17:23:33.495132,27.6,94,82,695,MOIST,NO_RAIN,53.0,19.65099609,-43.01501465,88.1455776,23.5066902
2026-03-25 17:23:34.495132,27.6,93,82,686,MOIST,NO_RAIN,47.0,20.65122681,-42.86181641,88.1455755,23.5066968
2026-03-25 17:23:35.495132,27.6,94,82,688,MOIST,NO_RAIN,47.0,21.65157666,-42.54870605,88.14557,23.5067011
2026-03-25 17:23:36.495132,27.6,94,80,688,MOIST,NO_RAIN,52.0,22.65168872,-42.51757813,88.1455602,23.5067018
2026-03-25 17:23:37.495132,27.5,95,82,694,MOIST,NO_RAIN,47.0,23.6520481,-43.25421143,88.1455501,23.5067022
2026-03-25 17:23:38.495132,27.6,95,81,694,MOIST,NO_RAIN,47.0,24.65205493,-43.37316895,88.1455405,23.5067022
2026-03-25 17:23:39.495132,27.5,95,82,696,MOIST,NO_RAIN,48.0,25.65287109,-43.69567871,88.1455316,23.5067027
2026-03-25 17:23:40.495132,27.5,95,80,694,MOIST,NO_RAIN,48.0,26.4337583,-43.69567871,88.1455363,23.506711
2026-03-25 17:23:41.495132,27.7,95,82,687,MOIST,NO_RAIN,49.0,26.65278149,-43.59924316,88.1455323,23.5067101
2026-03-25 17:23:42.495132,27.6,95,80,676,MOIST,NO_RAIN,51.0,27.2663562,-43.59924316,88.1455263,23.5067111
2026-03-25 17:23:43.495132,27.5,95,82,681,MOIST,NO_RAIN,47.0,27.65265381,-43.67269897,88.1455214,23.5067103
2026-03-25 17:23:44.495132,27.5,95,81,676,MOIST,NO_RAIN,48.0,27.87369946,-43.67269897,88.1455187,23.5067101
2026-03-25 17:23:45.495132,27.5,95,80,674,MOIST,NO_RAIN,54.0,28.61578027,-43.67269897,88.1455121,23.5067117
2026-03-25 17:23:46.495132,27.5,95,80,680,MOIST,NO_RAIN,47.0,28.65139771,-44.5032959,88.1455108,23.5067107
2026-03-25 17:23:47.495132,27.6,95,82,692,MOIST,NO_RAIN,49.0,29.11261987,-44.5032959,88.1455062,23.5067108
2026-03-25 17:23:48.495132,27.5,95,82,694,MOIST,NO_RAIN,50.0,29.65222827,-44.6355896,88.1455004,23.5067102
2026-03-25 17:23:49.495132,27.5,95,80,672,MOIST,NO_RAIN,50.0,30.02475977,-44.6355896,88.1454964,23.5067104
2026-03-25 17:23:50.495132,27.7,93,66,620,MOIST,NO_RAIN,16.0,30.53252344,-44.6355896,88.1454916,23.5067111
2026-03-25 17:23:51.495132,27.7,93,67,616,MOIST,NO_RAIN,16.0,30.6529519,-44.64593506,88.1454901,23.5067102
2026-03-25 17:23:52.495132,27.7,92,67,611,MOIST,NO_RAIN,18.0,31.13160938,-44.64593506,88.1454854,23.5067095
2026-03-25 17:23:53.495132,27.6,93,67,635,MOIST,NO_RAIN,16.0,31.33464624,-44.64593506,88.1454799,23.5067109
2026-03-25 17:23:54.495132,27.6,93,66,602,MOIST,NO_RAIN,16.0,31.65284351,-44.28674316,88.1454795,23.5067093
2026-03-25 17:23:55.495132,27.6,93,66,600,MOIST,NO_RAIN,16.0,31.85807056,-44.28674316,88.1454785,23.5067089
2026-03-25 17:23:56.495132,27.6,93,70,644,MOIST,NO_RAIN,16.0,32.59869849,-44.28674316,88.1454727,23.5067097
2026-03-25 17:23:57.495132,27.5,92,72,662,MOIST,NO_RAIN,15.0,32.65264331,-44.66500854,88.1454721,23.5067085
2026-03-25 17:23:58.495132,27.6,94,71,652,MOIST,NO_RAIN,15.0,33.06585474,-44.66500854,88.1454683,23.5067081
2026-03-25 17:23:59.495132,27.5,94,69,618,MOIST,NO_RAIN,15.0,33.65216382,-44.16918945,88.145463,23.5067064
2026-03-25 17:24:00.495132,27.4,93,70,645,MOIST,NO_RAIN,15.0,34.02941748,-44.16918945,88.1454596,23.5067059
2026-03-25 17:24:01.495132,27.6,93,67,605,MOIST,NO_RAIN,15.0,34.55584814,-44.16918945,88.1454544,23.5067061
2026-03-25 17:24:02.495132,27.5,93,71,645,MOIST,NO_RAIN,16.0,34.65239868,-43.8286438,88.145453,23.5067048
2026-03-25 17:24:03.495132,27.5,94,66,600,MOIST,NO_RAIN,15.0,35.41857227,-43.8286438,88.1454455,23.506704
2026-03-25 17:24:04.495132,27.4,94,67,615,MOIST,NO_RAIN,16.0,35.65217383,-43.86090088,88.1454427,23.5067021
2026-03-25 17:24:05.495132,27.6,94,71,645,MOIST,NO_RAIN,17.0,35.96692651,-43.86090088,88.1454394,23.5067011
2026-03-25 17:24:06.495132,27.6,94,71,617,MOIST,NO_RAIN,15.0,36.6521748,-43.65615845,88.1454328,23.5066984
2026-03-25 17:24:07.495132,27.6,95,68,622,MOIST,NO_RAIN,15.0,36.75065186,-43.65615845,88.1454314,23.5066965
2026-03-25 17:24:08.495132,27.5,95,68,617,MOIST,NO_RAIN,16.0,37.32911157,-43.65615845,88.1454225,23.506696
2026-03-25 17:24:09.495132,27.5,95,66,604,MOIST,NO_RAIN,15.0,37.65213306,-43.42709351,88.1454216,23.5066944
2026-03-25 17:24:10.495132,27.5,95,69,627,MOIST,NO_RAIN,15.0,38.05296704,-43.42709351,88.1454189,23.5066937
2026-03-25 17:24:11.495132,27.5,95,68,602,MOIST,NO_RAIN,15.0,38.65218726,-43.53366089,88.1454131,23.5066916
2026-03-25 17:24:12.495132,27.5,95,67,602,MOIST,NO_RAIN,16.0,38.694,-43.53366089,88.1454125,23.506691
2026-03-25 17:24:13.495132,27.4,95,70,630,MOIST,NO_RAIN,16.0,39.40664111,-43.53366089,88.145406,23.5066899
2026-03-25 17:24:14.495132,27.4,95,69,618,MOIST,NO_RAIN,15.0,39.65251465,-43.39355469,88.1454035,23.5066878
2026-03-25 17:24:15.495132,27.6,95,69,603,MOIST,NO_RAIN,15.0,39.92966187,-43.39355469,88.1454008,23.5066865
2026-03-25 17:24:16.495132,27.3,95,69,634,MOIST,NO_RAIN,15.0,40.65218213,-43.25714111,88.1453941,23.5066831
2026-03-25 17:24:17.495132,27.4,95,69,607,MOIST,NO_RAIN,15.0,40.79318774,-43.25714111,88.1453927,23.5066822
2026-03-25 17:24:18.495132,27.5,95,67,600,MOIST,NO_RAIN,15.0,41.27818433,-43.25714111,88.1453885,23.506681
2026-03-25 17:24:19.495132,27.4,95,68,598,MOIST,NO_RAIN,16.0,41.65247461,-43.27575684,88.1453854,23.5066791
2026-03-25 17:24:20.495132,27.6,95,69,621,MOIST,NO_RAIN,15.0,42.02764722,-43.27575684,88.1453821,23.5066778
2026-03-25 17:24:21.495132,27.5,95,67,616,MOIST,NO_RAIN,17.0,42.36971606,-43.27575684,88.1453784,23.5066765
2026-03-25 17:24:22.495132,27.3,95,69,626,MOIST,NO_RAIN,15.0,42.65251172,-43.40924072,88.145373,23.5066748
2026-03-25 17:24:23.495132,27.4,95,70,609,MOIST,NO_RAIN,16.0,42.83027734,-43.40924072,88.1453734,23.5066748
2026-03-25 17:24:24.495132,27.5,95,67,601,MOIST,NO_RAIN,15.0,43.58935913,-43.40924072,88.1453678,23.5066734
2026-03-25 17:24:25.495132,27.5,95,69,622,MOIST,NO_RAIN,16.0,43.65264551,-43.58535767,88.1453675,23.5066728
2026-03-25 17:24:26.495132,27.2,95,68,633,MOIST,NO_RAIN,16.0,44.19951587,-43.58535767,88.1453632,23.5066713
2026-03-25 17:24:27.495132,27.6,95,69,591,MOIST,NO_RAIN,15.0,44.65285376,-43.56335449,88.1453593,23.5066699
2026-03-25 17:24:28.495132,27.4,95,68,623,MOIST,NO_RAIN,16.0,44.78980591,-43.56335449,88.1453581,23.5066695
2026-03-25 17:24:29.495132,27.5,95,68,607,MOIST,NO_RAIN,15.0,45.38737183,-43.56335449,88.1453531,23.506668
2026-03-25 17:24:30.495132,27.3,95,71,645,MOIST,NO_RAIN,15.0,45.65198975,-43.66183472,88.1453506,23.5066673
2026-03-25 17:24:31.495132,27.8,95,80,742,WET,NO_RAIN,12.0,46.18968042,-43.66183472,88.1453458,23.5066661
2026-03-25 17:24:32.495132,27.9,95,83,751,WET,NO_RAIN,202.0,46.65200171,-43.54537964,88.1453411,23.5066646
2026-03-25 17:24:33.495132,28.6,95,79,760,WET,NO_RAIN,402.0,46.75319629,-43.54537964,88.1453399,23.5066641
2026-03-25 17:24:34.495132,29.1,95,71,759,WET,NO_RAIN,424.0,47.53938062,-43.54537964,88.1453336,23.5066615
2026-03-25 17:24:35.495132,0.0,0,71,759,WET,NO_RAIN,424.0,47.65295752,-43.41394043,88.1453326,23.5066606
2026-03-25 17:24:36.495132,0.0,0,71,759,WET,NO_RAIN,424.0,47.88846362,-43.41394043,88.1453304,23.506659
2026-03-25 17:24:37.495132,0.0,0,71,759,WET,NO_RAIN,424.0,48.17227466,-43.41394043,88.1453253,23.5066562
2026-03-25 17:24:38.495132,0.0,0,71,759,WET,NO_RAIN,424.0,48.6529751,-43.14007568,88.1453237,23.5066553
2026-03-25 17:24:39.495132,29.1,95,70,709,WET,NO_RAIN,283.0,49.04867676,-43.14007568,88.1453214,23.506654
2026-03-25 17:24:40.495132,29.2,95,70,726,WET,NO_RAIN,320.0,49.65229614,-42.98239136,88.1453163,23.5066516
2026-03-25 17:24:41.495132,29.1,95,68,721,WET,NO_RAIN,312.0,49.81817188,-42.98239136,88.1453147,23.5066509
2026-03-25 17:24:42.495132,29.1,95,64,664,MOIST,NO_RAIN,324.0,50.37816431,-42.98239136,88.1453101,23.5066488
2026-03-25 17:24:43.495132,0.0,0,64,664,MOIST,NO_RAIN,324.0,50.65248193,-42.89135742,88.1453074,23.5066478
2026-03-25 17:24:44.495132,29.0,95,66,758,WET,NO_RAIN,357.0,51.10593384,-42.89135742,88.1453032,23.5066463
2026-03-25 17:24:45.495132,28.8,95,86,768,WET,NO_RAIN,388.0,51.65263232,-42.48751831,88.1452985,23.5066447
2026-03-25 17:24:46.495132,28.7,95,87,757,WET,NO_RAIN,383.0,52.136271,-42.48751831,88.1452944,23.5066434
2026-03-25 17:24:47.495132,28.7,95,84,739,WET,NO_RAIN,357.0,52.65294873,-42.2918396,88.1452896,23.5066426
2026-03-25 17:24:48.495132,0.0,0,84,739,WET,NO_RAIN,357.0,52.85908789,-42.2918396,88.1452875,23.5066422
2026-03-25 17:24:49.495132,28.9,95,86,724,WET,NO_RAIN,359.0,53.43790454,-42.2918396,88.1452822,23.5066407
2026-03-25 17:24:50.495132,28.6,95,84,730,WET,NO_RAIN,362.0,53.65202905,-42.3230896,88.1452769,23.5066397
2026-03-25 17:24:51.495132,29.0,95,83,740,WET,NO_RAIN,363.0,53.7094187,-42.3230896,88.1452781,23.5066403
2026-03-25 17:24:52.495132,29.0,95,84,744,WET,NO_RAIN,366.0,54.30907764,-42.3230896,88.1452741,23.5066388
2026-03-25 17:24:53.495132,28.7,95,85,731,WET,NO_RAIN,360.0,54.65266406,-42.34860229,88.1452712,23.5066387
2026-03-25 17:24:54.495132,28.7,95,84,737,WET,NO_RAIN,361.0,55.06944141,-42.34860229,88.1452674,23.5066379
2026-03-25 17:24:55.495132,28.7,95,84,734,WET,NO_RAIN,359.0,55.65200439,-42.21899414,88.1452625,23.5066375
2026-03-25 17:24:56.495132,28.7,95,85,736,WET,NO_RAIN,360.0,55.79225952,-42.21899414,88.1452612,23.5066376
2026-03-25 17:24:57.495132,28.7,95,84,737,WET,NO_RAIN,365.0,56.60540454,-42.21899414,88.1452539,23.5066363
2026-03-25 17:24:58.495132,28.6,95,84,725,WET,NO_RAIN,364.0,56.65294849,-42.54998779,88.1452532,23.5066366
2026-03-25 17:24:59.495132,28.6,95,83,737,WET,NO_RAIN,370.0,57.31378027,-42.54998779,88.145247,23.5066356
2026-03-25 17:25:00.495132,28.6,95,85,737,WET,NO_RAIN,366.0,57.65266406,-42.75558472,88.1452443,23.5066353
2026-03-25 17:25:01.495132,28.7,95,84,723,WET,NO_RAIN,359.0,58.04969312,-42.75558472,88.1452411,23.5066345
2026-03-25 17:25:02.495132,28.5,95,85,739,WET,NO_RAIN,358.0,58.57202905,-42.75558472,88.1452367,23.5066339
2026-03-25 17:25:03.495132,28.4,95,85,740,WET,NO_RAIN,356.0,58.65265088,-42.77542114,88.1452362,23.5066343
2026-03-25 17:25:04.495132,28.5,95,85,739,WET,NO_RAIN,359.0,59.02636353,-42.77542114,88.1452326,23.5066349
2026-03-25 17:25:05.495132,28.4,95,84,728,WET,NO_RAIN,357.0,59.3494502,-42.77542114,88.145226,23.5066349
2026-03-25 17:25:06.495132,28.2,95,86,737,WET,NO_RAIN,360.0,59.65249609,-42.80664063,88.1452254,23.5066354
2026-03-25 17:25:07.495132,28.2,95,86,739,WET,NO_RAIN,361.0,59.89017163,-42.80664063,88.145224,23.5066356
2026-03-25 17:25:08.495132,28.2,95,85,737,WET,NO_RAIN,361.0,60.65251343,-42.94702148,88.1452173,23.5066358
2026-03-25 17:25:09.495132,28.1,95,86,738,WET,NO_RAIN,361.0,60.70873975,-42.94702148,88.1452168,23.5066359
2026-03-25 17:25:10.495132,27.0,95,68,770,WET,NO_RAIN,365.0,61.35183447,-42.94702148,88.1452109,23.5066348
2026-03-25 17:25:11.495132,27.0,95,67,755,WET,NO_RAIN,371.0,61.6528584,-42.7210083,88.1452083,23.5066349
2026-03-25 17:25:12.495132,27.0,95,67,763,WET,NO_RAIN,367.0,62.17932227,-42.7210083,88.1452036,23.5066342
2026-03-25 17:25:13.495132,27.0,95,67,756,WET,NO_RAIN,363.0,62.65282495,-42.76409912,88.1452004,23.5066347
2026-03-25 17:25:14.495132,27.0,95,66,749,WET,NO_RAIN,373.0,62.83114355,-42.76409912,88.1451992,23.5066351
2026-03-25 17:25:15.495132,26.8,95,65,726,WET,NO_RAIN,361.0,63.60882935,-42.76409912,88.1451929,23.5066349
2026-03-25 17:25:16.495132,27.0,95,65,730,WET,NO_RAIN,365.0,63.65295972,-42.77301025,88.145193,23.5066357
2026-03-25 17:25:17.495132,27.0,95,64,725,WET,NO_RAIN,362.0,64.23106885,-42.77301025,88.1451886,23.5066363
2026-03-25 17:25:18.495132,26.9,95,82,711,WET,NO_RAIN,356.0,64.65283618,-42.80111694,88.1451854,23.5066369
2026-03-25 17:25:19.495132,27.0,95,82,720,WET,NO_RAIN,357.0,65.05916577,-42.80111694,88.1451821,23.5066371
2026-03-25 17:25:20.495132,27.0,95,82,724,WET,NO_RAIN,389.0,65.58554028,-42.80111694,88.1451773,23.506636
2026-03-25 17:25:21.495132,26.9,95,82,717,WET,NO_RAIN,354.0,65.65201221,-42.44613647,88.1451774,23.5066355
2026-03-25 17:25:22.495132,26.9,95,82,713,WET,NO_RAIN,113.0,66.42851587,-42.44613647,88.1451728,23.5066312
2026-03-25 17:25:23.495132,27.0,95,84,717,WET,NO_RAIN,99.0,66.65264648,-42.39770508,88.1451729,23.5066294
2026-03-25 17:25:24.495132,26.9,95,83,725,WET,NO_RAIN,302.0,66.85301392,-42.39770508,88.1451733,23.5066275
2026-03-25 17:25:25.495132,27.0,95,85,730,WET,NO_RAIN,377.0,67.13604565,-42.39770508,88.1451708,23.5066226
2026-03-25 17:25:26.495132,27.0,95,85,727,WET,NO_RAIN,381.0,67.65277515,-42.33660889,88.1451702,23.5066208
2026-03-25 17:25:27.495132,26.8,95,84,721,WET,NO_RAIN,385.0,67.91412695,-42.33660889,88.1451696,23.5066196
2026-03-25 17:25:28.495132,26.9,95,84,727,WET,NO_RAIN,388.0,68.62693286,-42.33660889,88.1451668,23.5066152
2026-03-25 17:25:29.495132,26.9,95,83,717,WET,NO_RAIN,327.0,68.65294971,-42.31912231,88.1451666,23.5066148
2026-03-25 17:25:30.495132,26.9,95,84,717,WET,NO_RAIN,352.0,69.41467603,-42.31912231,88.1451634,23.5066091
2026-03-25 17:25:31.495132,27.0,95,85,727,WET,NO_RAIN,364.0,69.65265405,-42.16207886,88.1451624,23.5066068
2026-03-25 17:25:32.495132,27.0,95,85,728,WET,NO_RAIN,372.0,69.93689258,-42.16207886,88.1451613,23.5066043
2026-03-25 17:25:33.495132,27.0,95,83,726,WET,NO_RAIN,374.0,70.65281055,-41.93087769,88.1451592,23.5065986
2026-03-25 17:25:34.495132,27.0,95,84,300,MOIST,NO_RAIN,372.0,70.738625,-41.93087769,88.145159,23.5065978
2026-03-25 17:25:35.495132,27.0,95,81,288,DRY,NO_RAIN,371.0,71.28670557,-41.93087769,88.145158,23.5065934
2026-03-25 17:25:36.495132,27.0,95,80,269,DRY,NO_RAIN,367.0,71.65201367,-41.97631836,88.1451576,23.5065904
2026-03-25 17:25:37.495132,27.80760475,91,82,705,WET,NO_RAIN,50.9169785,72.16816602,-41.97631836,88.1451571,23.5065861
2026-03-25 17:25:38.495132,27.75849265,91,79,686,MOIST,NO_RAIN,59.8949877,72.47220166,-41.97631836,88.1451565,23.5065833
2026-03-25 17:25:39.495132,27.66050661,90,82,703,WET,NO_RAIN,51.12230958,72.65214526,-41.90338135,88.1451559,23.5065782
2026-03-25 17:25:40.495132,27.76867342,93,80,698,MOIST,NO_RAIN,50.22578685,72.77719458,-41.90338135,88.145156,23.5065788
2026-03-25 17:25:41.495132,27.78223917,91,81,689,MOIST,NO_RAIN,56.86395242,73.65291895,-42.01803589,88.1451556,23.5065736
2026-03-25 17:25:42.495132,27.60542603,92,81,700,WET,NO_RAIN,52.02805261,73.69993799,-42.01803589,88.1451557,23.5065735
2026-03-25 17:25:43.495132,27.90987376,94,81,700,WET,NO_RAIN,51.04055844,74.38687109,-42.01803589,88.1451562,23.5065684
2026-03-25 17:25:44.495132,27.74827403,93,82,703,WET,NO_RAIN,49.98379204,74.65240747,-42.25942993,88.1451566,23.506567
2026-03-25 17:25:45.495132,27.61297227,91,80,679,MOIST,NO_RAIN,53.90212644,75.21027148,-42.25942993,88.1451576,23.5065634
2026-03-25 17:25:46.495132,27.56007482,93,82,695,MOIST,NO_RAIN,52.05367693,75.65240381,-41.97808838,88.1451588,23.5065608
2026-03-25 17:25:47.495132,27.5154084,93,80,681,MOIST,NO_RAIN,53.098164,75.75686353,-41.97808838,88.1451592,23.5065602
2026-03-25 17:25:48.495132,27.68470862,93,81,694,MOIST,NO_RAIN,51.98141246,76.65253027,-42.01577759,88.1451624,23.5065551
2026-03-25 17:25:49.495132,27.54575328,94,82,696,MOIST,NO_RAIN,56.20214929,76.6988125,-42.01577759,88.1451628,23.5065549
2026-03-25 17:25:50.495132,27.61373672,93,80,681,MOIST,NO_RAIN,53.89690848,77.44894751,-42.01577759,88.145166,23.5065502
2026-03-25 17:25:51.495132,27.76654424,94,80,673,MOIST,NO_RAIN,54.99463302,77.65238818,-41.76919556,88.1451672,23.5065492
2026-03-25 17:25:52.495132,27.58317112,93,81,690,MOIST,NO_RAIN,55.10970417,78.34923096,-41.76919556,88.1451703,23.506545
2026-03-25 17:25:53.495132,27.7230338,93,82,698,MOIST,NO_RAIN,48.14724879,78.65235669,-41.90057373,88.1451719,23.5065436
2026-03-25 17:25:54.495132,27.62619475,95,82,697,MOIST,NO_RAIN,54.84578561,79.1585625,-41.90057373,88.1451738,23.5065407
2026-03-25 17:25:55.495132,27.51914583,94,82,695,MOIST,NO_RAIN,53.11971077,79.65214526,-41.98242188,88.1451758,23.5065385
2026-03-25 17:25:56.495132,27.59576808,93,82,686,MOIST,NO_RAIN,46.89743333,79.94954419,-41.98242188,88.1451768,23.5065371
2026-03-25 17:25:57.495132,27.59611656,94,82,688,MOIST,NO_RAIN,46.98066485,80.39925903,-41.98242188,88.1451782,23.5065343
2026-03-25 17:25:58.495132,27.72613014,94,80,688,MOIST,NO_RAIN,52.04302733,80.65220483,-41.82006836,88.1451806,23.5065309
2026-03-25 17:25:59.495132,27.28126296,95,82,694,MOIST,NO_RAIN,47.04885199,80.86814697,-41.82006836,88.1451807,23.506531
2026-03-25 17:26:00.495132,27.67048206,95,81,694,MOIST,NO_RAIN,47.10666608,81.65211694,-41.7840271,88.1451825,23.5065273
2026-03-25 17:26:01.495132,27.47301242,95,82,696,MOIST,NO_RAIN,48.00834624,81.77127319,-41.7840271,88.1451828,23.5065268
2026-03-25 17:26:02.495132,27.51124262,95,80,694,MOIST,NO_RAIN,48.02254276,82.57408887,-41.7840271,88.1451842,23.5065219
2026-03-25 17:26:03.495132,27.7422942,95,82,687,MOIST,NO_RAIN,49.13961904,82.65290405,-41.95727539,88.1451846,23.5065222
2026-03-25 17:26:04.495132,27.65012216,95,80,676,MOIST,NO_RAIN,51.08620385,83.35179199,-41.95727539,88.1451854,23.5065182
2026-03-25 17:26:05.495132,27.45851136,95,82,681,MOIST,NO_RAIN,47.00095776,83.65227759,-41.90139771,88.1451857,23.5065176
2026-03-25 17:26:06.495132,27.4764461,95,81,676,MOIST,NO_RAIN,47.90899297,84.395625,-41.90139771,88.1451858,23.5065135
2026-03-25 17:26:07.495132,27.39866645,95,80,674,MOIST,NO_RAIN,53.96580174,84.65280957,-41.70556641,88.1451858,23.5065131
2026-03-25 17:26:08.495132,27.5517767,95,80,680,MOIST,NO_RAIN,46.93469704,85.55439307,-41.70556641,88.1451849,23.5065089
2026-03-25 17:26:09.495132,27.58019379,95,82,692,MOIST,NO_RAIN,48.88385413,85.65285498,-41.6265564,88.1451844,23.5065091
2026-03-25 17:26:10.495132,27.4732547,95,82,694,MOIST,NO_RAIN,50.05197596,85.91810425,-41.6265564,88.145183,23.5065088
2026-03-25 17:26:11.495132,27.37244654,95,80,672,MOIST,NO_RAIN,50.08837239,86.23021411,-41.6265564,88.1451795,23.5065059
2026-03-25 17:26:12.495132,27.65560832,93,66,620,MOIST,NO_RAIN,16.00596866,86.65233716,-41.44628906,88.1451783,23.5065058
2026-03-25 17:26:13.495132,27.62258461,93,67,616,MOIST,NO_RAIN,15.9121852,87.1493186,-41.44628906,88.1451763,23.5065039
2026-03-25 17:26:14.495132,27.68941297,92,67,611,MOIST,NO_RAIN,18.10436094,87.65282935,-41.44030762,88.1451751,23.5065016
2026-03-25 17:26:15.495132,27.57505056,93,67,635,MOIST,NO_RAIN,15.83540558,87.83799585,-41.44030762,88.1451749,23.5065006
2026-03-25 17:26:16.495132,27.59614097,93,66,602,MOIST,NO_RAIN,16.05687564,88.62353564,-41.44030762,88.1451747,23.5064961
2026-03-25 17:26:17.495132,27.78587363,93,66,600,MOIST,NO_RAIN,16.06601959,88.65260303,-41.32055664,88.1451752,23.5064963
2026-03-25 17:26:18.495132,27.55598468,93,70,644,MOIST,NO_RAIN,15.940469,89.30785889,-41.32055664,88.145176,23.5064932
2026-03-25 17:26:19.495132,27.410097,92,72,662,MOIST,NO_RAIN,15.05320172,89.65265356,-41.73220825,88.1451767,23.5064919
2026-03-25 17:26:20.495132,27.5971516,94,71,652,MOIST,NO_RAIN,15.07550296,90.28953027,-41.73220825,88.1451771,23.5064886
2026-03-25 17:26:21.495132,27.61119917,94,69,618,MOIST,NO_RAIN,14.87025645,90.65258276,-41.68383789,88.1451776,23.5064866
2026-03-25 17:26:22.495132,27.52443442,93,70,645,MOIST,NO_RAIN,14.99664755,91.09359717,-41.68383789,88.1451778,23.5064838
2026-03-25 17:26:23.495132,27.50496588,93,67,605,MOIST,NO_RAIN,14.96417193,91.43790454,-41.68383789,88.1451782,23.506481
2026-03-25 17:26:24.495132,27.52968474,93,71,645,MOIST,NO_RAIN,15.86989976,91.65260596,-41.56985474,88.1451799,23.5064777
2026-03-25 17:26:25.495132,27.64808069,94,66,600,MOIST,NO_RAIN,14.94294299,91.74560449,-41.56985474,88.14518,23.5064785
2026-03-25 17:26:26.495132,27.43644892,94,67,615,MOIST,NO_RAIN,15.93241613,92.55046753,-41.56985474,88.1451809,23.506474
2026-03-25 17:26:27.495132,27.83849146,94,71,645,MOIST,NO_RAIN,17.03381178,92.65242896,-41.62173462,88.1451818,23.5064737
2026-03-25 17:26:28.495132,27.73617426,94,71,617,MOIST,NO_RAIN,14.97570207,93.20946606,-41.62173462,88.1451839,23.5064703
2026-03-25 17:26:29.495132,27.60983901,95,68,622,MOIST,NO_RAIN,15.11657601,93.65232104,-41.52816772,88.1451868,23.5064679
2026-03-25 17:26:30.495132,27.45378793,95,68,617,MOIST,NO_RAIN,16.03453435,94.0740376,-41.52816772,88.1451897,23.5064657
2026-03-25 17:26:31.495132,27.41313225,95,66,604,MOIST,NO_RAIN,14.89648452,94.65247095,-41.79382324,88.1451935,23.5064632
2026-03-25 17:26:32.495132,27.63336986,95,69,627,MOIST,NO_RAIN,15.14578952,94.69011914,-41.79382324,88.1451939,23.506463
2026-03-25 17:26:33.495132,27.67720011,95,68,602,MOIST,NO_RAIN,15.10183994,95.52947168,-41.79382324,88.1451976,23.506459
2026-03-25 17:26:34.495132,27.67608923,95,67,602,MOIST,NO_RAIN,16.12562335,95.65253003,-41.76480103,88.1451983,23.5064587
2026-03-25 17:26:35.495132,27.30641733,95,70,630,MOIST,NO_RAIN,15.95254635,96.35719678,-41.76480103,88.1452016,23.5064559
2026-03-25 17:26:36.495132,27.47540151,95,69,618,MOIST,NO_RAIN,14.97792923,96.6520332,-41.7857666,88.145203,23.506456
2026-03-25 17:26:37.495132,27.78369565,95,69,603,MOIST,NO_RAIN,14.94659689,97.56954492,-41.7857666,88.1452065,23.5064551
2026-03-25 17:26:38.495132,27.23009621,95,69,634,MOIST,NO_RAIN,15.16218186,97.65252344,-42.01593018,88.1452065,23.5064547
2026-03-25 17:26:39.495132,27.36981935,95,69,607,MOIST,NO_RAIN,15.00925375,98.64879956,-42.01593018,88.145209,23.5064516
2026-03-25 17:26:40.495132,27.39155199,95,67,600,MOIST,NO_RAIN,15.0542195,98.65260376,-42.14126587,88.1452079,23.506451
2026-03-25 17:26:41.495132,27.15170135,95,68,598,MOIST,NO_RAIN,15.82419612,99.36398389,-42.14126587,88.1452075,23.5064475
2026-03-25 17:26:42.495132,27.39738113,95,69,621,MOIST,NO_RAIN,15.04362422,99.57195728,-42.14126587,88.145208,23.506446
2026-03-25 17:26:43.495132,27.500219,95,67,616,MOIST,NO_RAIN,17.03801465,99.65232715,-42.17962646,88.1452073,23.5064452
2026-03-25 17:26:44.495132,27.12594947,95,69,626,MOIST,NO_RAIN,15.11983501,100.3706506,-42.17962646,88.1452076,23.5064419
2026-03-25 17:26:45.495132,27.43225758,95,70,609,MOIST,NO_RAIN,16.01478906,100.6521577,-42.23504639,88.1452064,23.5064389
2026-03-25 17:26:46.495132,27.52148525,95,67,601,MOIST,NO_RAIN,14.93900327,101.1081501,-42.23504639,88.1452055,23.5064357
2026-03-25 17:26:47.495132,27.6429408,95,69,622,MOIST,NO_RAIN,16.03297194,101.6511111,-41.9541626,88.1452036,23.5064308
2026-03-25 17:26:48.495132,27.19698087,95,68,633,MOIST,NO_RAIN,15.93029855,101.9683474,-41.9541626,88.1452025,23.5064283
2026-03-25 17:26:49.495132,27.62443571,95,69,591,MOIST,NO_RAIN,14.9837718,102.3919902,-41.9541626,88.1452012,23.5064256
2026-03-25 17:26:50.495132,27.45336657,95,68,623,MOIST,NO_RAIN,16.09366157,102.6514529,-42.18447876,88.1452005,23.506423
2026-03-25 17:26:51.495132,27.50445637,95,68,607,MOIST,NO_RAIN,14.88995527,103.2790654,-42.18447876,88.1451988,23.5064183
2026-03-25 17:26:52.495132,27.35516635,95,71,645,MOIST,NO_RAIN,15.05915109,103.651113,-42.06686401,88.1451981,23.5064145
2026-03-25 17:26:53.495132,27.83930769,95,80,742,WET,NO_RAIN,11.91918349,103.8308293,-42.06686401,88.1451977,23.5064128
2026-03-25 17:26:54.495132,27.76711598,95,83,751,WET,NO_RAIN,202.0033412,104.4894106,-42.06686401,88.1451957,23.5064081
2026-03-25 17:26:55.495132,28.53406063,95,79,760,WET,NO_RAIN,402.0371606,104.6519653,-41.96725464,88.1451961,23.5064069
2026-03-25 17:26:56.495132,29.10858154,95,71,759,WET,NO_RAIN,424.1570318,104.8828381,-41.96725464,88.1451964,23.506405
2026-03-25 17:26:57.495132,0.066506172,0,71,759,WET,NO_RAIN,424.0076942,105.1772058,-41.96725464,88.1451942,23.5064008
2026-03-25 17:26:58.495132,0.151061829,0,71,759,WET,NO_RAIN,423.9809753,105.6510481,-41.97454834,88.1451943,23.5063986
2026-03-25 17:26:59.495132,-0.102703899,0,71,759,WET,NO_RAIN,424.1121306,106.1153096,-41.97454834,88.1451935,23.5063956
2026-03-25 17:27:00.495132,0.162662331,0,71,759,WET,NO_RAIN,424.2006231,106.6512593,-41.71377563,88.1451927,23.5063913
2026-03-25 17:27:01.495132,29.34713501,95,70,709,WET,NO_RAIN,282.8339187,106.7097175,-41.71377563,88.1451928,23.5063906
2026-03-25 17:27:02.495132,29.32808664,95,70,726,WET,NO_RAIN,319.8022763,107.5089355,-41.71377563,88.1451906,23.5063845
2026-03-25 17:27:03.495132,29.00008889,95,68,721,WET,NO_RAIN,311.8561722,107.6513965,-41.65560913,88.1451911,23.5063829
2026-03-25 17:27:04.495132,29.25982318,95,64,664,MOIST,NO_RAIN,324.003143,108.1581497,-41.65560913,88.1451903,23.5063789
2026-03-25 17:27:05.495132,-0.136645459,0,64,664,MOIST,NO_RAIN,323.8308693,108.651249,-41.29489136,88.1451901,23.5063747
2026-03-25 17:27:06.495132,28.94582589,95,66,758,WET,NO_RAIN,357.0055866,108.978873,-41.29489136,88.1451898,23.506372
2026-03-25 17:27:07.495132,28.87520637,95,86,768,WET,NO_RAIN,387.8944404,109.4309583,-41.29489136,88.1451891,23.5063685
2026-03-25 17:27:08.495132,28.69344381,95,87,757,WET,NO_RAIN,383.1197967,109.651394,-41.16949463,88.1451899,23.5063665
2026-03-25 17:27:09.495132,28.85309613,95,84,739,WET,NO_RAIN,356.9545637,110.2479761,-41.16949463,88.1451896,23.5063618
2026-03-25 17:27:10.495132,0.09652133,0,84,739,WET,NO_RAIN,357.0160375,110.4379045,-41.16949463,88.1451896,23.5063597
2026-03-25 17:27:11.495132,28.76993461,95,86,724,WET,NO_RAIN,358.8378428,110.6511128,-41.01306152,88.1451901,23.506355
2026-03-25 17:27:12.495132,28.50118411,95,84,730,WET,NO_RAIN,362.0129086,110.7958892,-41.01306152,88.1451904,23.5063552
2026-03-25 17:27:13.495132,28.87830179,95,83,740,WET,NO_RAIN,362.9701185,111.612489,-41.01306152,88.1451891,23.5063486
2026-03-25 17:27:14.495132,28.83627641,95,84,744,WET,NO_RAIN,365.8760171,111.6511096,-40.87106323,88.1451899,23.5063482
2026-03-25 17:27:15.495132,28.70681898,95,85,731,WET,NO_RAIN,359.9654302,112.1701992,-40.87106323,88.1451901,23.5063435
2026-03-25 17:27:16.495132,28.74893855,95,84,737,WET,NO_RAIN,360.9771453,112.6518174,-41.20394897,88.1451906,23.5063399
2026-03-25 17:27:17.495132,28.64970944,95,84,734,WET,NO_RAIN,358.8586717,113.0117339,-41.20394897,88.1451906,23.5063372
2026-03-25 17:27:18.495132,28.94246817,95,85,736,WET,NO_RAIN,359.9843448,113.6516311,-40.93896484,88.1451912,23.5063319
2026-03-25 17:27:19.495132,28.7271931,95,84,737,WET,NO_RAIN,365.0344493,113.6700747,-40.93896484,88.1451914,23.5063317
2026-03-25 17:27:20.495132,28.64078001,95,84,725,WET,NO_RAIN,363.9834314,114.2779363,-40.93896484,88.1451913,23.5063265
2026-03-25 17:27:21.495132,28.57047839,95,83,737,WET,NO_RAIN,370.0158849,114.6514382,-40.9730835,88.1451926,23.5063238
2026-03-25 17:27:22.495132,28.50237539,95,85,737,WET,NO_RAIN,365.9406089,114.7155769,-40.9730835,88.145193,23.5063233
2026-03-25 17:27:23.495132,28.72839359,95,84,723,WET,NO_RAIN,359.0994241,115.6123486,-40.9730835,88.1451931,23.5063155
2026-03-25 17:27:24.495132,28.49868599,95,85,739,WET,NO_RAIN,357.9465788,115.6514768,-41.43978882,88.1451942,23.5063155
2026-03-25 17:27:25.495132,28.37881572,95,85,740,WET,NO_RAIN,355.9306801,116.1688608,-41.43978882,88.1451952,23.5063111
2026-03-25 17:27:26.495132,28.65589513,95,85,739,WET,NO_RAIN,358.850285,116.6513882,-41.51049805,88.1451973,23.506308
2026-03-25 17:27:27.495132,28.40109622,95,84,728,WET,NO_RAIN,357.1551049,117.0116589,-41.51049805,88.1451985,23.5063053
2026-03-25 17:27:28.495132,28.22393789,95,86,737,WET,NO_RAIN,360.0091356,117.6180237,-41.51049805,88.1451997,23.5063001
2026-03-25 17:27:29.495132,28.19345623,95,86,739,WET,NO_RAIN,361.0581467,117.6516531,-41.61340332,88.1452006,23.5063003
2026-03-25 17:27:30.495132,28.35507815,95,85,737,WET,NO_RAIN,360.6982893,118.3290186,-41.61340332,88.1452027,23.5062954
2026-03-25 17:27:31.495132,28.32526281,95,86,738,WET,NO_RAIN,360.9798199,118.5261238,-41.61340332,88.1452033,23.5062908
2026-03-25 17:27:32.495132,26.97583805,95,68,770,WET,NO_RAIN,365.0114102,118.6515776,-41.88140869,88.1452043,23.5062914
2026-03-25 17:27:33.495132,27.01553058,95,67,755,WET,NO_RAIN,370.8984787,119.249074,-41.88140869,88.1452059,23.5062872
2026-03-25 17:27:34.495132,27.03001886,95,67,763,WET,NO_RAIN,367.0801177,119.6516482,-41.99240112,88.145208,23.5062842
2026-03-25 17:27:35.495132,26.93008544,95,67,756,WET,NO_RAIN,363.0926335,119.9327368,-41.99240112,88.1452091,23.5062822
2026-03-25 17:27:36.495132,26.85492822,95,66,749,WET,NO_RAIN,372.990336,120.6385654,-41.99240112,88.1452104,23.5062763
2026-03-25 17:27:37.495132,26.62143405,95,65,726,WET,NO_RAIN,360.8959877,120.651636,-42.16769409,88.145211,23.5062763
2026-03-25 17:27:38.495132,27.11543016,95,65,730,WET,NO_RAIN,364.8003032,121.4069172,-42.16769409,88.1452124,23.5062702
2026-03-25 17:27:39.495132,27.01530638,95,64,725,WET,NO_RAIN,361.8970425,121.6516462,-42.00619507,88.1452135,23.5062682
2026-03-25 17:27:40.495132,26.92186891,95,82,711,WET,NO_RAIN,356.0318569,122.0495776,-42.00619507,88.1452144,23.5062648
2026-03-25 17:27:41.495132,27.00657955,95,82,720,WET,NO_RAIN,357.1429232,122.6515952,-41.99578857,88.1452158,23.5062603
2026-03-25 17:27:42.495132,27.16083934,95,82,724,WET,NO_RAIN,389.1088545,122.87346,-41.99578857,88.1452164,23.5062584
2026-03-25 17:27:43.495132,26.80842447,95,82,717,WET,NO_RAIN,353.9553583,123.3537346,-41.99578857,88.1452176,23.5062545
2026-03-25 17:27:44.495132,26.85428795,95,82,713,WET,NO_RAIN,112.9121774,123.6518708,-41.80487061,88.1452187,23.5062529
2026-03-25 17:27:45.495132,27.05244643,95,84,717,WET,NO_RAIN,98.92172305,123.8480769,-41.80487061,88.1452199,23.5062519
2026-03-25 17:27:46.495132,26.95706613,95,83,725,WET,NO_RAIN,301.9624957,124.08704,-41.80487061,88.1452216,23.5062468
2026-03-25 17:27:47.495132,27.01185106,95,85,730,WET,NO_RAIN,376.8780689,124.6517737,-41.78866577,88.1452226,23.5062453
2026-03-25 17:27:48.495132,26.97177737,95,85,727,WET,NO_RAIN,381.0621629,124.7083169,-41.78866577,88.1452227,23.5062456
2026-03-25 17:27:49.495132,26.66680015,95,84,721,WET,NO_RAIN,385.0189499,125.6098936,-41.78866577,88.1452262,23.5062396
2026-03-25 17:27:50.495132,26.87619303,95,84,727,WET,NO_RAIN,387.9286896,125.651761,-41.67489624,88.145226,23.5062399
2026-03-25 17:27:51.495132,26.93658,95,83,717,WET,NO_RAIN,327.0467868,126.0336697,-41.67489624,88.1452274,23.5062374
2026-03-25 17:27:52.495132,26.72960486,95,84,717,WET,NO_RAIN,351.98845,126.6516272,-41.72149658,88.1452298,23.5062332
2026-03-25 17:27:53.495132,26.98465174,95,85,727,WET,NO_RAIN,364.1801391,126.8261182,-41.72149658,88.1452305,23.5062319
2026-03-25 17:27:54.495132,26.79675155,95,85,728,WET,NO_RAIN,372.005656,127.3483386,-41.72149658,88.1452327,23.506228
2026-03-25 17:27:55.495132,26.90011593,95,83,726,WET,NO_RAIN,374.0701279,127.6516162,-41.472229,88.1452338,23.5062262
2026-03-25 17:27:56.495132,27.23644585,95,84,300,MOIST,NO_RAIN,372.0549715,128.1355901,-41.472229,88.1452361,23.5062227
2026-03-25 17:27:57.495132,27.00999455,95,81,288,DRY,NO_RAIN,370.9808384,128.6514844,-41.472229,88.1452385,23.506219
2026-03-25 17:27:58.495132,26.91007038,95,80,269,DRY,NO_RAIN,366.9204298,128.6515315,-41.3510437,88.1452381,23.5062192
2026-03-25 17:27:59.495132,27.75000156,91,82,705,WET,NO_RAIN,50.83979339,129.3748782,-41.3510437,88.1452406,23.5062138
2026-03-25 17:28:00.495132,27.84491876,91,79,686,MOIST,NO_RAIN,59.99037224,129.6515688,-41.30200195,88.1452406,23.5062119
2026-03-25 17:28:01.495132,27.87564281,90,82,703,WET,NO_RAIN,51.1203483,130.0114666,-41.30200195,88.1452412,23.506209
2026-03-25 17:28:02.495132,27.83631052,93,80,698,MOIST,NO_RAIN,49.98488691,130.6516458,-41.15679932,88.1452416,23.5062046
2026-03-25 17:28:03.495132,28.04020965,91,81,689,MOIST,NO_RAIN,56.94570653,130.9345012,-41.15679932,88.145242,23.5062027
2026-03-25 17:28:04.495132,27.85273385,92,81,700,WET,NO_RAIN,51.81145619,131.651907,-40.9826355,88.1452431,23.5061977
2026-03-25 17:28:05.495132,27.71841803,94,81,700,WET,NO_RAIN,51.04823827,131.6752424,-40.9826355,88.1452429,23.5061976
2026-03-25 17:28:06.495132,27.81123223,93,82,703,WET,NO_RAIN,49.94797172,131.7754441,-40.9826355,88.1452429,23.5061968
2026-03-25 17:28:07.495132,27.64240168,91,80,679,MOIST,NO_RAIN,53.92940163,132.5055542,-40.9826355,88.1452455,23.5061888
2026-03-25 17:28:08.495132,27.5616051,93,82,695,MOIST,NO_RAIN,52.03303744,132.6510967,-40.67852783,88.145245,23.5061893
2026-03-25 17:28:09.495132,27.70257114,93,80,681,MOIST,NO_RAIN,53.06254343,133.329085,-40.67852783,88.1452462,23.506185
2026-03-25 17:28:10.495132,27.65300651,93,81,694,MOIST,NO_RAIN,52.05303737,133.6511008,-40.40878296,88.1452464,23.5061836
2026-03-25 17:28:11.495132,27.79708177,94,82,696,MOIST,NO_RAIN,56.16832277,134.2157581,-40.40878296,88.1452479,23.5061802
2026-03-25 17:28:12.495132,27.83590052,93,80,681,MOIST,NO_RAIN,53.9728092,134.6511257,-40.53268433,88.1452489,23.5061788
2026-03-25 17:28:13.495132,27.68842512,94,80,673,MOIST,NO_RAIN,55.03743326,135.6512537,-40.55633545,88.1452509,23.5061765
2026-03-25 17:28:14.495132,27.59602302,93,81,690,MOIST,NO_RAIN,54.97226832,136.6290476,-40.55633545,88.1452526,23.5061754
2026-03-25 17:28:15.495132,27.56978528,93,82,698,MOIST,NO_RAIN,48.00147248,136.6516406,-40.5352478,88.1452521,23.5061763
2026-03-25 17:28:16.495132,27.68505528,95,82,697,MOIST,NO_RAIN,55.0807978,137.6517493,-40.51989746,88.1452534,23.5061765
2026-03-25 17:28:17.495132,27.73181228,94,82,695,MOIST,NO_RAIN,53.00058343,138.6516372,-40.527771,88.1452541,23.5061776
2026-03-25 17:28:18.495132,27.36862356,93,82,686,MOIST,NO_RAIN,47.05226619,139.4497546,-40.527771,88.1452547,23.5061775
2026-03-25 17:28:19.495132,27.57180026,94,82,688,MOIST,NO_RAIN,46.99242213,139.6511069,-40.60238647,88.1452555,23.5061773
2026-03-25 17:28:20.495132,27.43963713,94,80,688,MOIST,NO_RAIN,51.84785977,139.7028159,-40.60238647,88.1452562,23.5061774
2026-03-25 17:28:21.495132,27.50885107,95,82,694,MOIST,NO_RAIN,47.04416162,140.1513733,-40.60238647,88.1452573,23.5061768
2026-03-25 17:28:22.495132,27.74963385,95,81,694,MOIST,NO_RAIN,47.08811033,140.6515972,-40.35327148,88.1452587,23.5061764
2026-03-25 17:28:23.495132,27.52793546,95,82,696,MOIST,NO_RAIN,48.06726271,141.0497671,-40.35327148,88.1452594,23.5061761
2026-03-25 17:28:24.495132,27.41253758,95,80,694,MOIST,NO_RAIN,48.16658373,141.5928086,-40.35327148,88.1452597,23.506176
2026-03-25 17:28:25.495132,27.68624778,95,82,687,MOIST,NO_RAIN,49.09841786,141.6511147,-40.37649536,88.1452608,23.5061755
2026-03-25 17:28:26.495132,27.73859374,95,80,676,MOIST,NO_RAIN,51.02024778,142.4890852,-40.37649536,88.1452626,23.5061741
2026-03-25 17:28:27.495132,27.54467131,95,82,681,MOIST,NO_RAIN,46.99179231,142.6518801,-40.58175659,88.145265,23.5061728
2026-03-25 17:28:28.495132,27.39343025,95,81,676,MOIST,NO_RAIN,47.98059408,143.4193389,-40.58175659,88.1452678,23.5061707
2026-03-25 17:28:29.495132,27.69501495,95,80,674,MOIST,NO_RAIN,54.02372728,143.6518208,-40.91723633,88.1452705,23.5061682
2026-03-25 17:28:30.495132,27.4995895,95,80,680,MOIST,NO_RAIN,46.8097217,144.2261831,-40.91723633,88.145273,23.5061653
2026-03-25 17:28:31.495132,27.55797922,95,82,692,MOIST,NO_RAIN,48.86073079,144.6516411,-41.22061157,88.1452759,23.5061609
2026-03-25 17:28:32.495132,27.51536371,95,82,694,MOIST,NO_RAIN,49.99298652,145.0898987,-41.22061157,88.1452781,23.5061575
2026-03-25 17:28:33.495132,27.56366833,95,80,672,MOIST,NO_RAIN,50.05419836,145.651543,-41.15280151,88.1452816,23.5061529
2026-03-25 17:28:34.495132,27.64509595,93,66,620,MOIST,NO_RAIN,15.9077877,146.0319929,-41.15280151,88.145284,23.5061503
2026-03-25 17:28:35.495132,27.7790446,93,67,616,MOIST,NO_RAIN,15.95258747,146.6510305,-40.95831299,88.1452888,23.5061479
2026-03-25 17:28:36.495132,27.61395129,92,67,611,MOIST,NO_RAIN,18.12339603,146.9092217,-40.95831299,88.1452911,23.5061471
2026-03-25 17:28:37.495132,27.61134391,93,67,635,MOIST,NO_RAIN,16.15785362,147.5297981,-40.95831299,88.1452965,23.5061453
2026-03-25 17:28:38.495132,27.68793562,93,66,602,MOIST,NO_RAIN,15.98277858,147.6511216,-40.95367432,88.1453006,23.5061454
2026-03-25 17:28:39.495132,27.51092013,93,66,600,MOIST,NO_RAIN,15.87375002,147.7502676,-40.95367432,88.1453001,23.5061457
2026-03-25 17:28:40.495132,27.52028761,93,70,644,MOIST,NO_RAIN,16.01731342,148.4962131,-40.95367432,88.1453056,23.5061448
2026-03-25 17:28:41.495132,27.35868747,92,72,662,MOIST,NO_RAIN,14.91485926,148.6511138,-40.88220215,88.1453069,23.5061458
2026-03-25 17:28:42.495132,27.51570318,94,71,652,MOIST,NO_RAIN,14.97131953,149.279167,-40.88220215,88.1453123,23.5061462
2026-03-25 17:28:43.495132,27.67853703,94,69,618,MOIST,NO_RAIN,14.8930848,149.651115,-41.18167114,88.1453152,23.5061473
2026-03-25 17:28:44.495132,27.36872337,93,70,645,MOIST,NO_RAIN,15.071635,149.8694924,-41.18167114,88.145317,23.5061475
2026-03-25 17:28:45.495132,27.57948021,93,67,605,MOIST,NO_RAIN,15.19026436,150.6519453,-41.77087402,88.1453227,23.506148
2026-03-25 17:28:46.495132,27.46027021,93,71,645,MOIST,NO_RAIN,16.17798461,150.7287896,-41.77087402,88.1453231,23.5061482
2026-03-25 17:28:47.495132,27.5962747,94,66,600,MOIST,NO_RAIN,14.8681844,151.4092949,-41.77087402,88.1453288,23.5061473
2026-03-25 17:28:48.495132,27.50709377,94,67,615,MOIST,NO_RAIN,15.83730747,151.6518518,-41.83364868,88.1453304,23.5061486
2026-03-25 17:28:49.495132,27.73711299,94,71,645,MOIST,NO_RAIN,16.83086437,151.9780906,-41.83364868,88.1453332,23.5061492
2026-03-25 17:28:50.495132,27.68590426,94,71,617,MOIST,NO_RAIN,15.0023164,152.413397,-41.83364868,88.1453372,23.5061495
2026-03-25 17:28:51.495132,27.6262026,95,68,622,MOIST,NO_RAIN,15.00079713,152.6519531,-41.89538574,88.1453395,23.5061514
2026-03-25 17:28:52.495132,27.321379,95,68,617,MOIST,NO_RAIN,15.96857757,153.1877393,-41.89538574,88.1453449,23.5061527
2026-03-25 17:28:53.495132,27.33086547,95,66,604,MOIST,NO_RAIN,15.02286183,153.6126807,-41.89538574,88.1453491,23.5061533
2026-03-25 17:28:54.495132,27.32529417,95,69,627,MOIST,NO_RAIN,14.9945514,153.6510676,-42.28970337,88.145349,23.5061545
2026-03-25 17:28:55.495132,27.68017927,95,68,602,MOIST,NO_RAIN,15.15493896,154.5297581,-42.28970337,88.1453565,23.5061569
2026-03-25 17:28:56.495132,27.49184392,95,67,602,MOIST,NO_RAIN,15.89028312,154.6516553,-42.69177246,88.145357,23.506159
2026-03-25 17:28:57.495132,27.70641843,95,70,630,MOIST,NO_RAIN,15.99075895,155.1741589,-42.69177246,88.1453611,23.5061619
2026-03-25 17:28:58.495132,27.46079101,95,69,618,MOIST,NO_RAIN,15.020143,155.6515732,-42.50582886,88.1453638,23.5061641
2026-03-25 17:28:59.495132,27.50135244,95,69,603,MOIST,NO_RAIN,15.06508874,155.8464561,-42.50582886,88.1453649,23.5061647
2026-03-25 17:29:00.495132,27.25445948,95,69,634,MOIST,NO_RAIN,14.85640937,156.6141968,-42.50582886,88.1453711,23.5061651
2026-03-25 17:29:01.495132,27.40193101,95,69,607,MOIST,NO_RAIN,15.03329574,156.6513665,-42.66647339,88.1453702,23.5061651
2026-03-25 17:29:02.495132,27.58006695,95,67,600,MOIST,NO_RAIN,15.00635065,157.0898352,-42.66647339,88.1453723,23.5061639
2026-03-25 17:29:03.495132,27.38163979,95,68,598,MOIST,NO_RAIN,16.07620408,157.6511121,-43.02752686,88.1453745,23.5061623
2026-03-25 17:29:04.495132,27.47819837,95,69,621,MOIST,NO_RAIN,14.94560709,157.8589534,-43.02752686,88.1453752,23.5061615
2026-03-25 17:29:05.495132,27.27054826,95,67,616,MOIST,NO_RAIN,17.00408204,158.6511199,-43.56546021,88.1453801,23.5061602
2026-03-25 17:29:06.495132,27.28850096,95,69,626,MOIST,NO_RAIN,15.11536135,158.6904294,-43.56546021,88.1453805,23.5061605
2026-03-25 17:29:07.495132,27.43918908,95,70,609,MOIST,NO_RAIN,15.90552595,159.1540469,-43.56546021,88.1453843,23.5061603
2026-03-25 17:29:08.495132,27.43131271,95,67,601,MOIST,NO_RAIN,14.94515754,159.6514158,-43.69921875,88.145389,23.5061615
2026-03-25 17:29:09.495132,27.41659898,95,69,622,MOIST,NO_RAIN,15.92491472,159.7890381,-43.69921875,88.1453905,23.506162
2026-03-25 17:29:10.495132,27.13557394,95,68,633,MOIST,NO_RAIN,16.00438145,160.2171479,-43.69921875,88.1453945,23.5061625
2026-03-25 17:29:11.495132,27.49625341,95,69,591,MOIST,NO_RAIN,15.02820655,160.651249,-43.85314941,88.1453991,23.5061635
2026-03-25 17:29:12.495132,27.35918905,95,68,623,MOIST,NO_RAIN,16.3494105,160.9584531,-43.85314941,88.1454023,23.5061642
2026-03-25 17:29:13.495132,27.38874576,95,68,607,MOIST,NO_RAIN,14.97810154,161.0765713,-43.85314941,88.1454041,23.5061646
2026-03-25 17:29:14.495132,27.30597924,95,71,645,MOIST,NO_RAIN,15.07492643,161.3249119,-43.85314941,88.1454103,23.5061649
2026-03-25 17:29:15.495132,27.70363794,95,80,742,WET,NO_RAIN,12.18841059,161.6513594,-44.08956909,88.1454119,23.5061653
2026-03-25 17:29:16.495132,27.97209708,95,83,751,WET,NO_RAIN,202.0855093,162.152446,-44.08956909,88.1454164,23.5061655
2026-03-25 17:29:17.495132,28.54944737,95,79,760,WET,NO_RAIN,401.8306728,162.651627,-44.22991943,88.1454211,23.5061658
2026-03-25 17:29:18.495132,28.92774529,95,71,759,WET,NO_RAIN,423.7698257,162.6741716,-44.22991943,88.1454214,23.5061658
2026-03-25 17:29:19.495132,-0.081249043,0,71,759,WET,NO_RAIN,423.924245,163.3973914,-44.22991943,88.1454287,23.506166
2026-03-25 17:29:20.495132,-0.079705745,0,71,759,WET,NO_RAIN,424.1438504,163.6515007,-44.31243896,88.1454313,23.5061661
2026-03-25 17:29:21.495132,-0.113716813,0,71,759,WET,NO_RAIN,423.9520593,163.8383523,-44.31243896,88.1454332,23.5061662
2026-03-25 17:29:22.495132,-0.164821076,0,71,759,WET,NO_RAIN,424.0624397,164.5722261,-44.31243896,88.1454405,23.5061667
2026-03-25 17:29:23.495132,29.0967894,95,70,709,WET,NO_RAIN,282.9375814,164.6509841,-44.61755371,88.1454414,23.5061667
2026-03-25 17:29:24.495132,29.1966639,95,70,726,WET,NO_RAIN,319.8829348,165.128301,-44.61755371,88.1454463,23.506167
2026-03-25 17:29:25.495132,28.93713626,95,68,721,WET,NO_RAIN,312.0736838,165.6510176,-44.71655273,88.1454517,23.5061673
2026-03-25 17:29:26.495132,29.17520208,95,64,664,MOIST,NO_RAIN,323.9187481,165.9512664,-44.71655273,88.1454548,23.5061676
2026-03-25 17:29:27.495132,0.001826563,0,64,664,MOIST,NO_RAIN,323.7910877,166.4769583,-44.71655273,88.1454601,23.5061682
2026-03-25 17:29:28.495132,29.03033147,95,66,758,WET,NO_RAIN,356.95237,166.6517786,-44.50506592,88.1454618,23.5061686
2026-03-25 17:29:29.495132,28.83766268,95,86,768,WET,NO_RAIN,387.9429968,167.1853647,-44.50506592,88.1454668,23.5061697
2026-03-25 17:29:30.495132,28.72081933,95,87,757,WET,NO_RAIN,382.9020909,167.6514358,-44.3571167,88.1454709,23.5061705
2026-03-25 17:29:31.495132,28.67464178,95,84,739,WET,NO_RAIN,356.9304305,168.4093923,-44.3571167,88.1454778,23.5061721
2026-03-25 17:29:32.495132,-0.050933146,0,84,739,WET,NO_RAIN,356.8606123,168.6512712,-44.23901367,88.1454801,23.5061724
2026-03-25 17:29:33.495132,28.79244932,95,86,724,WET,NO_RAIN,358.942784,169.0039963,-44.23901367,88.1454838,23.5061731
2026-03-25 17:29:34.495132,28.77633108,95,84,730,WET,NO_RAIN,361.9328245,169.6516135,-44.03930664,88.1454921,23.5061746
2026-03-25 17:29:35.495132,29.09757503,95,83,740,WET,NO_RAIN,363.1389314,169.8186694,-44.03930664,88.1454917,23.5061743
2026-03-25 17:29:36.495132,29.01614603,95,84,744,WET,NO_RAIN,365.9577201,170.6516375,-44.07095337,88.1454982,23.5061745
2026-03-25 17:29:37.495132,28.74011036,95,85,731,WET,NO_RAIN,359.982987,170.9680376,-44.07095337,88.1455009,23.5061744
2026-03-25 17:29:38.495132,28.6824805,95,84,737,WET,NO_RAIN,361.0217583,171.6163511,-44.07095337,88.145506,23.5061744
2026-03-25 17:29:39.495132,28.61097619,95,84,734,WET,NO_RAIN,358.8954831,171.6516624,-44.38320923,88.1455063,23.5061737
2026-03-25 17:29:40.495132,28.71451019,95,85,736,WET,NO_RAIN,360.0848568,172.3539685,-44.38320923,88.1455128,23.5061733
2026-03-25 17:29:41.495132,28.80606197,95,84,737,WET,NO_RAIN,364.9008527,172.6509727,-44.59594727,88.1455155,23.5061724
2026-03-25 17:29:42.495132,28.50636436,95,84,725,WET,NO_RAIN,363.9366324,172.8892288,-44.59594727,88.1455177,23.506172
2026-03-25 17:29:43.495132,28.60458351,95,83,737,WET,NO_RAIN,370.0354306,173.6517871,-44.72171021,88.1455251,23.5061711
2026-03-25 17:29:44.495132,28.5393973,95,85,737,WET,NO_RAIN,366.0362683,173.7084175,-44.72171021,88.1455259,23.5061709
2026-03-25 17:29:45.495132,28.81797863,95,84,723,WET,NO_RAIN,358.9165974,174.2091843,-44.72171021,88.145531,23.5061708
2026-03-25 17:29:46.495132,28.42393075,95,85,739,WET,NO_RAIN,358.1641973,174.651603,-44.61193848,88.1455359,23.5061707
2026-03-25 17:29:47.495132,28.32146852,95,85,740,WET,NO_RAIN,356.1045692,174.9928792,-44.61193848,88.1455397,23.5061708
2026-03-25 17:29:48.495132,28.42256313,95,85,739,WET,NO_RAIN,358.8776969,175.6516497,-44.6086731,88.1455464,23.5061703
2026-03-25 17:29:49.495132,28.40742793,95,84,728,WET,NO_RAIN,357.1274166,175.8094387,-44.6086731,88.1455482,23.50617
2026-03-25 17:29:50.495132,28.32995001,95,86,737,WET,NO_RAIN,359.9726577,176.249929,-44.6086731,88.145553,23.5061698
2026-03-25 17:29:51.495132,28.09769026,95,86,739,WET,NO_RAIN,360.9349765,176.6516648,-44.6491394,88.145557,23.5061694
2026-03-25 17:29:52.495132,28.31686985,95,85,737,WET,NO_RAIN,360.9579848,176.6878489,-44.6491394,88.1455574,23.5061692
2026-03-25 17:29:53.495132,28.18149577,95,86,738,WET,NO_RAIN,361.0002199,176.83101,-44.6491394,88.1455591,23.5061689
2026-03-25 17:29:54.495132,26.93428108,95,68,770,WET,NO_RAIN,364.9540268,177.530498,-44.6491394,88.1455697,23.5061682
2026-03-25 17:29:55.495132,27.0884768,95,67,755,WET,NO_RAIN,371.0241569,177.651877,-44.62112427,88.1455686,23.5061678
2026-03-25 17:29:56.495132,27.0620946,95,67,763,WET,NO_RAIN,366.9767005,177.9783284,-44.62112427,88.1455707,23.5061674
2026-03-25 17:29:57.495132,26.91924928,95,67,756,WET,NO_RAIN,362.9973005,178.651803,-44.84609985,88.1455763,23.5061664
2026-03-25 17:29:58.495132,27.07815825,95,66,749,WET,NO_RAIN,372.8417877,178.7855413,-44.84609985,88.1455773,23.5061661
2026-03-25 17:29:59.495132,26.87341287,95,65,726,WET,NO_RAIN,361.0100985,179.4275386,-44.84609985,88.145583,23.5061648
2026-03-25 17:30:00.495132,27.04739046,95,65,730,WET,NO_RAIN,364.9934641,179.6517915,-44.81378174,88.145585,23.5061645
2026-03-25 17:30:01.495132,26.94622525,95,64,725,WET,NO_RAIN,361.9630281,180.0884719,-44.81378174,88.1455892,23.5061637
2026-03-25 17:30:02.495132,26.70818255,95,82,711,WET,NO_RAIN,355.9473668,180.5165964,-44.81378174,88.1455935,23.506163
2026-03-25 17:30:03.495132,26.92092277,95,82,720,WET,NO_RAIN,356.8508233,180.6516267,-44.86431885,88.1455947,23.5061632
2026-03-25 17:30:04.495132,27.09841955,95,82,724,WET,NO_RAIN,388.8771405,181.2591738,-44.86431885,88.1456007,23.5061629
2026-03-25 17:30:05.495132,26.84398658,95,82,717,WET,NO_RAIN,354.0551717,181.6516274,-44.83496094,88.1456044,23.5061637
2026-03-25 17:30:06.495132,26.63781372,95,82,713,WET,NO_RAIN,112.790844,181.8462014,-44.83496094,88.1456063,23.506164
2026-03-25 17:30:07.495132,26.92953035,95,84,717,WET,NO_RAIN,98.95905172,182.4504868,-44.83496094,88.1456121,23.5061651
2026-03-25 17:30:08.495132,26.92670371,95,83,725,WET,NO_RAIN,302.0484151,182.6516318,-45.30184937,88.1456174,23.5061691
2026-03-25 17:30:09.495132,26.89339372,95,85,730,WET,NO_RAIN,377.1284198,182.8089707,-45.30184937,88.1456168,23.5061694
2026-03-25 17:30:10.495132,26.78970483,95,85,727,WET,NO_RAIN,381.0770835,183.530782,-45.30184937,88.1456213,23.5061725
2026-03-25 17:30:11.495132,26.7486503,95,84,721,WET,NO_RAIN,385.0889133,183.6546748,-45.44390869,88.1456218,23.5061734
2026-03-25 17:30:12.495132,26.89840063,95,84,727,WET,NO_RAIN,387.9204717,184.0189714,-45.44390869,88.1456226,23.5061783
2026-03-25 17:30:13.495132,26.82294721,95,83,717,WET,NO_RAIN,327.1540737,184.6512493,-45.62133789,88.1456221,23.5061862
2026-03-25 17:30:14.495132,26.88950771,95,84,717,WET,NO_RAIN,351.7928479,184.8059832,-45.62133789,88.1456214,23.5061885
2026-03-25 17:30:15.495132,26.81016336,95,85,727,WET,NO_RAIN,364.022189,185.6084194,-45.62133789,88.1456217,23.5061959
2026-03-25 17:30:16.495132,27.11245528,95,85,728,WET,NO_RAIN,371.9931088,185.6514517,-45.62084961,88.1456204,23.5061975
2026-03-25 17:30:17.495132,26.96393702,95,83,726,WET,NO_RAIN,374.1530201,186.3304421,-45.62084961,88.14562,23.5062045
2026-03-25 17:30:18.495132,27.09989217,95,84,300,MOIST,NO_RAIN,371.8280914,186.6512974,-45.83062744,88.1456183,23.5062096
2026-03-25 17:30:19.495132,27.03697072,95,81,288,DRY,NO_RAIN,370.9796339,186.838687,-45.83062744,88.1456175,23.5062124
2026-03-25 17:30:20.495132,26.96511559,95,80,269,DRY,NO_RAIN,366.9570659,187.5254399,-45.83062744,88.1456166,23.5062194
2026-03-25 17:30:21.495132,27.80253078,91,82,705,WET,NO_RAIN,51.02481967,187.6513647,-45.8996582,88.1456153,23.5062212
2026-03-25 17:30:22.495132,27.76307535,91,79,686,MOIST,NO_RAIN,60.12575287,187.9477415,-45.8996582,88.1456142,23.5062244
2026-03-25 17:30:23.495132,27.68981883,90,82,703,WET,NO_RAIN,50.82235564,188.6516357,-45.63275146,88.1456119,23.506232
2026-03-25 17:30:24.495132,27.70629933,93,80,698,MOIST,NO_RAIN,49.92278045,188.6895557,-45.63275146,88.1456115,23.5062327
2026-03-25 17:30:25.495132,27.86880466,91,81,689,MOIST,NO_RAIN,57.09926573,189.2307043,-45.63275146,88.1456108,23.5062383
2026-03-25 17:30:26.495132,27.62068672,92,81,700,WET,NO_RAIN,52.06513427,189.6516372,-45.43276978,88.1456093,23.5062427
2026-03-25 17:30:27.495132,27.71856317,94,81,700,WET,NO_RAIN,50.98737678,190.0193723,-45.43276978,88.1456083,23.5062464
2026-03-25 17:30:28.495132,27.83188039,93,82,703,WET,NO_RAIN,49.93399971,190.2776455,-45.43276978,88.1456074,23.5062493
2026-03-25 17:30:29.495132,27.55359123,91,80,679,MOIST,NO_RAIN,53.90060608,190.4662236,-45.43276978,88.1456062,23.5062557
2026-03-25 17:30:30.495132,27.49554333,93,82,695,MOIST,NO_RAIN,52.01303801,190.651605,-45.44158936,88.1456055,23.5062552
2026-03-25 17:30:31.495132,27.60362929,93,80,681,MOIST,NO_RAIN,52.92966303,191.26851,-45.44158936,88.1456037,23.5062602
2026-03-25 17:30:32.495132,27.95285623,93,81,694,MOIST,NO_RAIN,51.89054307,191.651634,-45.23126221,88.1456023,23.5062633
2026-03-25 17:30:33.495132,27.8316069,94,82,696,MOIST,NO_RAIN,56.03090487,191.8090103,-45.23126221,88.1456018,23.5062647
2026-03-25 17:30:34.495132,27.79379725,93,80,681,MOIST,NO_RAIN,53.8853983,192.6341567,-45.23126221,88.1455997,23.5062728
2026-03-25 17:30:35.495132,27.63879185,94,80,673,MOIST,NO_RAIN,54.88620695,192.6518694,-45.18200684,88.1455997,23.5062729
2026-03-25 17:30:36.495132,27.70785165,93,81,690,MOIST,NO_RAIN,54.90961558,193.1453416,-45.18200684,88.1455986,23.5062776
2026-03-25 17:30:37.495132,27.53414262,93,82,698,MOIST,NO_RAIN,48.07278104,193.6517891,-44.95861816,88.145598,23.5062824
2026-03-25 17:30:38.495132,27.53776294,95,82,697,MOIST,NO_RAIN,55.09111549,194.0107422,-44.95861816,88.1455973,23.5062858
2026-03-25 17:30:39.495132,27.58975086,94,82,695,MOIST,NO_RAIN,52.82316567,194.6510056,-44.61697388,88.1455967,23.5062918
2026-03-25 17:30:40.495132,27.59535229,93,82,686,MOIST,NO_RAIN,46.83280253,195.2970117,-44.61697388,88.1455959,23.506298
2026-03-25 17:30:41.495132,27.5823387,94,82,688,MOIST,NO_RAIN,46.9925837,195.6518679,-44.44934082,88.1455962,23.5063009
2026-03-25 17:30:42.495132,27.47840839,94,80,688,MOIST,NO_RAIN,51.87979107,195.8971392,-44.44934082,88.1455966,23.5063031
2026-03-25 17:30:43.495132,27.55910914,95,82,694,MOIST,NO_RAIN,47.11883252,196.4676013,-44.44934082,88.1455955,23.506312
2026-03-25 17:30:44.495132,27.54776232,95,81,694,MOIST,NO_RAIN,47.10854898,196.6514402,-44.06646729,88.1455958,23.5063113
2026-03-25 17:30:45.495132,27.47226606,95,82,696,MOIST,NO_RAIN,48.01811775,197.0338945,-44.06646729,88.1455956,23.5063137
2026-03-25 17:30:46.495132,27.39416964,95,80,694,MOIST,NO_RAIN,48.09724985,197.651429,-43.88372803,88.1455951,23.5063178
2026-03-25 17:30:47.495132,27.85299874,95,82,687,MOIST,NO_RAIN,48.85651347,197.8494773,-43.88372803,88.1455949,23.5063192
2026-03-25 17:30:48.495132,27.78867635,95,80,676,MOIST,NO_RAIN,51.04955934,198.3720442,-43.88372803,88.145594,23.5063237
2026-03-25 17:30:49.495132,27.45677838,95,82,681,MOIST,NO_RAIN,46.96934309,198.6511992,-43.60531616,88.1455933,23.5063257
2026-03-25 17:30:50.495132,27.53605044,95,81,676,MOIST,NO_RAIN,47.94689023,199.0708108,-43.60531616,88.1455917,23.5063289
2026-03-25 17:30:51.495132,27.6701268,95,80,674,MOIST,NO_RAIN,53.95434639,199.3306299,-43.60531616,88.1455902,23.5063308
2026-03-25 17:30:52.495132,27.56598375,95,80,680,MOIST,NO_RAIN,47.0110388,199.6519106,-43.28704834,88.1455889,23.5063327
2026-03-25 17:30:53.495132,27.54664059,95,82,692,MOIST,NO_RAIN,49.04767886,200.6518279,-43.37814331,88.1455853,23.5063395
2026-03-25 17:30:54.495132,27.46536682,95,82,694,MOIST,NO_RAIN,49.93246777,200.7104761,-43.37814331,88.1455853,23.50634
2026-03-25 17:30:55.495132,27.52641306,95,80,672,MOIST,NO_RAIN,50.00416091,201.4379045,-43.37814331,88.1455829,23.5063446
2026-03-25 17:30:56.495132,27.57065405,93,66,620,MOIST,NO_RAIN,16.10650069,201.6187847,-43.37814331,88.1455803,23.5063483
2026-03-25 17:30:57.495132,27.6478208,93,67,616,MOIST,NO_RAIN,16.03463702,201.6515076,-42.91009521,88.1455818,23.5063482
2026-03-25 17:30:58.495132,27.67100276,92,67,611,MOIST,NO_RAIN,17.85701456,202.271001,-42.91009521,88.1455798,23.5063522
2026-03-25 17:30:59.495132,27.63821989,93,67,635,MOIST,NO_RAIN,15.84028057,202.6514221,-42.60430908,88.1455798,23.5063557
2026-03-25 17:31:00.495132,27.49709188,93,66,602,MOIST,NO_RAIN,15.89537373,202.7088333,-42.60430908,88.1455801,23.5063565
2026-03-25 17:31:01.495132,27.62586441,93,66,600,MOIST,NO_RAIN,16.01021282,203.4296091,-42.60430908,88.1455774,23.5063616
2026-03-25 17:31:02.495132,27.54378376,93,70,644,MOIST,NO_RAIN,16.04360681,203.6513179,-42.26922607,88.1455782,23.506365
2026-03-25 17:31:03.495132,27.52329251,92,72,662,MOIST,NO_RAIN,14.93349182,203.8526543,-42.26922607,88.1455782,23.5063676
2026-03-25 17:31:04.495132,27.58637993,94,71,652,MOIST,NO_RAIN,14.85228383,204.6510691,-42.13269043,88.1455787,23.5063767
2026-03-25 17:31:05.495132,27.24611973,94,69,618,MOIST,NO_RAIN,14.85856965,204.7094951,-42.13269043,88.1455793,23.5063779
2026-03-25 17:31:06.495132,27.67329798,93,70,645,MOIST,NO_RAIN,15.01666311,205.6517969,-41.76559448,88.1455799,23.5063877
2026-03-25 17:31:07.495132,27.49423979,93,67,605,MOIST,NO_RAIN,15.08905382,205.8080669,-41.76559448,88.1455802,23.5063897
2026-03-25 17:31:08.495132,27.41577811,93,71,645,MOIST,NO_RAIN,16.04551218,206.6515417,-41.54632568,88.1455809,23.5063985
2026-03-25 17:31:09.495132,27.58749506,94,66,600,MOIST,NO_RAIN,15.09819974,206.9339146,-41.54632568,88.1455811,23.5064017
2026-03-25 17:31:10.495132,27.47991763,94,67,615,MOIST,NO_RAIN,15.97723144,206.935415,-41.54632568,88.1455818,23.5064023
2026-03-25 17:31:11.495132,27.53772109,94,71,645,MOIST,NO_RAIN,16.73975146,207.5693579,-41.54632568,88.1455795,23.5064116
2026-03-25 17:31:12.495132,27.72600974,94,71,617,MOIST,NO_RAIN,14.88514743,207.6513005,-41.11236572,88.145581,23.5064112
2026-03-25 17:31:13.495132,27.49271464,95,68,622,MOIST,NO_RAIN,14.99405859,208.2882549,-41.11236572,88.1455806,23.5064165
2026-03-25 17:31:14.495132,27.46913326,95,68,617,MOIST,NO_RAIN,16.02000405,208.6511785,-40.93258667,88.1455819,23.5064198
2026-03-25 17:31:15.495132,27.6292028,95,66,604,MOIST,NO_RAIN,15.16325014,208.8563643,-40.93258667,88.1455823,23.5064218
2026-03-25 17:31:16.495132,27.50636286,95,69,627,MOIST,NO_RAIN,15.10553481,209.6519688,-40.63522339,88.1455829,23.5064289
2026-03-25 17:31:17.495132,27.45390856,95,68,602,MOIST,NO_RAIN,14.95045783,209.6752688,-40.63522339,88.1455834,23.5064292
2026-03-25 17:31:18.495132,27.60312852,95,67,602,MOIST,NO_RAIN,15.84567001,210.0982354,-40.63522339,88.145583,23.5064329
2026-03-25 17:31:19.495132,27.62219964,95,70,630,MOIST,NO_RAIN,16.12343895,210.6516387,-40.10552979,88.1455834,23.5064384
2026-03-25 17:31:20.495132,27.56939743,95,69,618,MOIST,NO_RAIN,15.11727197,210.6851621,-40.10552979,88.1455837,23.506439
2026-03-25 17:31:21.495132,27.87778762,95,69,603,MOIST,NO_RAIN,14.88700096,211.4132117,-40.10552979,88.1455824,23.5064458
2026-03-25 17:31:22.495132,27.16729412,95,69,634,MOIST,NO_RAIN,15.21345644,211.6511328,-39.9072876,88.145583,23.506448
2026-03-25 17:31:23.495132,27.3812111,95,69,607,MOIST,NO_RAIN,15.15288123,212.1697471,-39.9072876,88.1455833,23.5064527
2026-03-25 17:31:24.495132,27.55098548,95,67,600,MOIST,NO_RAIN,14.93451267,212.5548589,-39.9072876,88.1455838,23.506456
2026-03-25 17:31:25.495132,27.40107437,95,68,598,MOIST,NO_RAIN,15.90386218,212.6518916,-39.61883545,88.1455846,23.5064605
2026-03-25 17:31:26.495132,27.6078223,95,69,621,MOIST,NO_RAIN,15.04079879,212.6719902,-39.61883545,88.1455849,23.506459
2026-03-25 17:31:27.495132,27.52718986,95,67,616,MOIST,NO_RAIN,17.02455963,213.6094844,-39.61883545,88.1455843,23.5064655
2026-03-25 17:31:28.495132,27.33231409,95,69,626,MOIST,NO_RAIN,15.01799432,213.6519009,-39.42562866,88.1455849,23.5064658
2026-03-25 17:31:29.495132,27.40119248,95,70,609,MOIST,NO_RAIN,16.04062334,214.1335898,-39.42562866,88.1455849,23.5064697
2026-03-25 17:31:30.495132,27.44749837,95,67,601,MOIST,NO_RAIN,15.00839338,214.6514602,-39.12530518,88.1455852,23.5064743
2026-03-25 17:31:31.495132,27.43754759,95,69,622,MOIST,NO_RAIN,15.92166332,214.9362705,-39.12530518,88.1455851,23.5064767
2026-03-25 17:31:32.495132,27.19138267,95,68,633,MOIST,NO_RAIN,16.03777447,215.4929041,-39.12530518,88.1455842,23.5064812
2026-03-25 17:31:33.495132,27.77664422,95,69,591,MOIST,NO_RAIN,14.87304291,215.6514746,-38.79733276,88.1455842,23.5064825
2026-03-25 17:31:34.495132,27.39316006,95,68,623,MOIST,NO_RAIN,15.97818399,216.2896465,-38.79733276,88.1455828,23.5064873
2026-03-25 17:31:35.495132,27.43606397,95,68,607,MOIST,NO_RAIN,14.82446794,216.6519531,-38.39175415,88.1455823,23.5064909
2026-03-25 17:31:36.495132,27.35215836,95,71,645,MOIST,NO_RAIN,14.94053949,216.8075579,-38.39175415,88.1455822,23.5064925
2026-03-25 17:31:37.495132,27.87926369,95,80,742,WET,NO_RAIN,12.00735819,217.4672637,-38.39175415,88.1455804,23.5064982
2026-03-25 17:31:38.495132,27.90568945,95,83,751,WET,NO_RAIN,202.0209718,217.6519395,-38.23623657,88.1455804,23.5065003
2026-03-25 17:31:39.495132,28.50622421,95,79,760,WET,NO_RAIN,401.9995716,217.829387,-38.23623657,88.1455801,23.5065021
2026-03-25 17:31:40.495132,29.11603258,95,71,759,WET,NO_RAIN,423.9421396,218.07396,-38.23623657,88.1455795,23.5065048
2026-03-25 17:31:41.495132,-0.137605766,0,71,759,WET,NO_RAIN,424.0162155,218.6510522,-38.7321167,88.1455774,23.5065132
2026-03-25 17:31:42.495132,-0.052230185,0,71,759,WET,NO_RAIN,424.1832154,218.7162617,-38.7321167,88.145578,23.5065123
2026-03-25 17:31:43.495132,0.125154815,0,71,759,WET,NO_RAIN,424.2037253,219.5074609,-38.7321167,88.1455758,23.5065172
2026-03-25 17:31:44.495132,0.183504252,0,71,759,WET,NO_RAIN,424.0928747,219.6516416,-38.34664917,88.1455766,23.5065184
2026-03-25 17:31:45.495132,29.05157076,95,70,709,WET,NO_RAIN,283.1157333,220.0091743,-38.34664917,88.1455765,23.5065213
2026-03-25 17:31:46.495132,29.0991216,95,70,726,WET,NO_RAIN,319.854781,220.4488054,-38.34664917,88.145576,23.5065249
2026-03-25 17:31:47.495132,29.16214449,95,68,721,WET,NO_RAIN,311.9703812,220.6512754,-38.64480591,88.1455768,23.5065272
2026-03-25 17:31:48.495132,28.97715916,95,64,664,MOIST,NO_RAIN,324.1020029,221.258624,-38.64480591,88.1455769,23.506533
2026-03-25 17:31:49.495132,-0.019403991,0,64,664,MOIST,NO_RAIN,324.0074557,221.6514856,-39.04769897,88.1455778,23.5065377
2026-03-25 17:31:50.495132,29.15708324,95,66,758,WET,NO_RAIN,357.1068007,221.7528174,-39.04769897,88.1455782,23.5065391
2026-03-25 17:31:51.495132,28.75568616,95,86,768,WET,NO_RAIN,388.0422407,222.5084558,-39.04769897,88.1455777,23.5065463
2026-03-25 17:31:52.495132,28.6511922,95,87,757,WET,NO_RAIN,382.9001299,222.6514656,-38.89572144,88.1455782,23.5065484
2026-03-25 17:31:53.495132,28.8435728,95,84,739,WET,NO_RAIN,357.1638272,222.9089941,-38.89572144,88.1455782,23.5065514
2026-03-25 17:31:54.495132,-0.04007253,0,84,739,WET,NO_RAIN,356.873244,223.6516492,-38.69927979,88.1455781,23.5065594
2026-03-25 17:31:55.495132,28.88087633,95,86,724,WET,NO_RAIN,359.0153009,223.6934561,-38.69927979,88.1455783,23.5065609
2026-03-25 17:31:56.495132,28.4276235,95,84,730,WET,NO_RAIN,362.0511854,223.7706077,-38.69927979,88.1455778,23.5065656
2026-03-25 17:31:57.495132,28.98590662,95,83,740,WET,NO_RAIN,363.1187407,224.258874,-38.69927979,88.1455776,23.5065676
2026-03-25 17:31:58.495132,29.00265762,95,84,744,WET,NO_RAIN,366.0074497,224.651405,-38.87310791,88.145578,23.5065711
2026-03-25 17:31:59.495132,28.76903259,95,85,731,WET,NO_RAIN,360.1993902,225.0457742,-38.87310791,88.1455781,23.5065748
2026-03-25 17:32:00.495132,28.71847614,95,84,737,WET,NO_RAIN,360.946968,225.5333345,-38.87310791,88.1455783,23.5065792
2026-03-25 17:32:01.495132,28.68996839,95,84,734,WET,NO_RAIN,358.9697307,225.6512048,-38.82009888,88.145579,23.5065807
2026-03-25 17:32:02.495132,28.8102062,95,85,736,WET,NO_RAIN,359.806667,226.3093647,-38.82009888,88.1455796,23.5065872
2026-03-25 17:32:03.495132,28.7780473,95,84,737,WET,NO_RAIN,364.9641098,226.6510444,-38.7388916,88.1455802,23.5065907
2026-03-25 17:32:04.495132,28.49630005,95,84,725,WET,NO_RAIN,364.1214962,226.9308086,-38.7388916,88.1455805,23.5065935
2026-03-25 17:32:05.495132,28.66411828,95,83,737,WET,NO_RAIN,370.118853,227.6339954,-38.7388916,88.1455807,23.5065998
2026-03-25 17:32:06.495132,28.53048374,95,85,737,WET,NO_RAIN,365.9551558,227.6516467,-38.7722168,88.1455811,23.5066
2026-03-25 17:32:07.495132,28.72754484,95,84,723,WET,NO_RAIN,358.9166015,228.0662603,-38.7722168,88.1455815,23.5066035
2026-03-25 17:32:08.495132,28.50734586,95,85,739,WET,NO_RAIN,357.9693623,228.6512122,-38.82650757,88.1455824,23.5066086
2026-03-25 17:32:09.495132,28.50086751,95,85,740,WET,NO_RAIN,355.9878409,228.9142788,-38.82650757,88.1455827,23.5066111
2026-03-25 17:32:10.495132,28.59759477,95,85,739,WET,NO_RAIN,358.9758894,229.3128916,-38.82650757,88.1455832,23.506615
2026-03-25 17:32:11.495132,28.38960888,95,84,728,WET,NO_RAIN,357.1833883,229.3489124,-38.82650757,88.1455831,23.5066192
2026-03-25 17:32:12.495132,28.23627019,95,86,737,WET,NO_RAIN,359.9963603,229.6519312,-38.73486328,88.1455838,23.5066199
2026-03-25 17:32:13.495132,28.09294536,95,86,739,WET,NO_RAIN,360.8439399,230.1381621,-38.73486328,88.1455839,23.5066235
2026-03-25 17:32:14.495132,28.20011074,95,85,737,WET,NO_RAIN,361.0918223,230.5738518,-38.73486328,88.1455838,23.5066272
2026-03-25 17:32:15.495132,28.27337085,95,86,738,WET,NO_RAIN,360.9382741,230.6516204,-38.66717529,88.1455845,23.5066281
2026-03-25 17:32:16.495132,27.0280561,95,68,770,WET,NO_RAIN,364.9037611,231.3481033,-38.66717529,88.1455854,23.5066349
2026-03-25 17:32:17.495132,27.00583416,95,67,755,WET,NO_RAIN,371.0138128,231.6513323,-38.5453186,88.1455863,23.5066381
2026-03-25 17:32:18.495132,26.91451018,95,67,763,WET,NO_RAIN,367.017802,231.7288757,-38.5453186,88.1455866,23.506639
2026-03-25 17:32:19.495132,27.05392048,95,67,756,WET,NO_RAIN,363.1348662,232.6308079,-38.5453186,88.1455871,23.5066479
2026-03-25 17:32:20.495132,26.82825879,95,66,749,WET,NO_RAIN,372.9337153,232.6511311,-38.56231689,88.1455874,23.5066483
2026-03-25 17:32:21.495132,26.99426342,95,65,726,WET,NO_RAIN,360.9711748,233.1386533,-38.56231689,88.1455876,23.5066532
2026-03-25 17:32:22.495132,27.1217374,95,65,730,WET,NO_RAIN,364.823956,233.6516489,-38.64279175,88.1455877,23.5066578
2026-03-25 17:32:23.495132,26.86537399,95,64,725,WET,NO_RAIN,361.9496985,233.9108965,-38.64279175,88.1455878,23.5066601
2026-03-25 17:32:24.495132,26.80846576,95,82,711,WET,NO_RAIN,356.0511645,234.651364,-38.89077759,88.1455875,23.5066649
2026-03-25 17:32:25.495132,26.89093247,95,82,720,WET,NO_RAIN,356.9874609,234.7087708,-38.89077759,88.1455874,23.506665
2026-03-25 17:32:26.495132,27.01617738,95,82,724,WET,NO_RAIN,389.0100714,234.8319927,-38.89077759,88.1455871,23.5066655
2026-03-25 17:32:27.495132,26.92763374,95,82,717,WET,NO_RAIN,354.0113846,235.3503013,-38.89077759,88.1455854,23.5066721
2026-03-25 17:32:28.495132,26.67753883,95,82,713,WET,NO_RAIN,113.0874834,235.6511262,-38.79379272,88.1455852,23.5066711
2026-03-25 17:32:29.495132,27.00865332,95,84,717,WET,NO_RAIN,98.8142285,235.7986533,-38.79379272,88.1455851,23.506671
2026-03-25 17:32:30.495132,26.8766128,95,83,725,WET,NO_RAIN,302.0045109,236.6519368,-38.75827026,88.1455851,23.5066737
2026-03-25 17:32:31.495132,26.7125796,95,85,730,WET,NO_RAIN,377.0875673,236.7666677,-38.75827026,88.1455856,23.5066737
2026-03-25 17:32:32.495132,27.00565477,95,85,727,WET,NO_RAIN,380.876712,237.4903674,-38.75827026,88.1455869,23.5066768
2026-03-25 17:32:33.495132,26.8106731,95,84,721,WET,NO_RAIN,385.0289863,237.6517903,-38.84539795,88.1455877,23.5066776
2026-03-25 17:32:34.495132,27.13269505,95,84,727,WET,NO_RAIN,387.9903604,238.3777437,-38.84539795,88.1455888,23.5066817
2026-03-25 17:32:35.495132,26.88871481,95,83,717,WET,NO_RAIN,326.8046544,238.6515059,-38.86053467,88.1455892,23.5066834
2026-03-25 17:32:36.495132,26.96525686,95,84,717,WET,NO_RAIN,352.0584381,239.0190781,-38.86053467,88.1455897,23.5066857
2026-03-25 17:32:37.495132,27.13633939,95,85,727,WET,NO_RAIN,363.9608984,239.6512095,-38.7878418,88.1455902,23.5066881
2026-03-25 17:32:38.495132,27.09880479,95,85,728,WET,NO_RAIN,371.8801899,240.2689707,-38.7878418,88.1455905,23.5066903
2026-03-25 17:32:39.495132,26.91275673,95,83,726,WET,NO_RAIN,373.9614065,240.3511272,-38.7878418,88.1455907,23.5066906
2026-03-25 17:32:40.495132,27.22153341,95,84,300,MOIST,NO_RAIN,371.9794628,240.6509883,-38.70626831,88.1455913,23.5066921
2026-03-25 17:32:41.495132,27.05217086,95,81,288,DRY,NO_RAIN,370.8964378,240.8895386,-38.70626831,88.1455913,23.5066918
2026-03-25 17:32:42.495132,26.92478263,95,80,269,DRY,NO_RAIN,367.1629717,241.6517898,-38.85720825,88.1455923,23.506694
2026-03-25 17:32:43.495132,27.75920551,91,82,705,WET,NO_RAIN,50.80056773,241.958251,-38.85720825,88.1455928,23.5066949
2026-03-25 17:32:44.495132,27.74781803,91,79,686,MOIST,NO_RAIN,59.8458571,242.4494309,-38.85720825,88.1455937,23.5066966
2026-03-25 17:32:45.495132,27.58573504,90,82,703,WET,NO_RAIN,51.1154345,242.6516172,-39.00280762,88.1455948,23.5066984
2026-03-25 17:32:46.495132,27.80238215,93,80,698,MOIST,NO_RAIN,50.08312445,243.1893987,-39.00280762,88.145596,23.5067018
2026-03-25 17:32:47.495132,28.03408825,91,81,689,MOIST,NO_RAIN,56.89040087,243.6514402,-38.91326904,88.1455969,23.5067033
2026-03-25 17:32:48.495132,27.78051437,92,81,700,WET,NO_RAIN,52.04916267,243.9360979,-38.91326904,88.1455971,23.5067041
2026-03-25 17:32:49.495132,27.86231297,94,81,700,WET,NO_RAIN,50.9212672,244.6582773,-38.91326904,88.1455961,23.5067056
